{"cameraMode":{"drawMode":0,"name":"Shaded","section":"Shading Mode"},"sceneLighting":false,"audioPlay":false,"sceneViewState":{"showFog":true,"showMaterialUpdate":false,"showSkybox":true,"showFlares":true,"showImageEffects":true,"showParticleSystems":true},"in2DMode":false,"pivot":{"x":-19.915822982788087,"y":13.278876304626465,"z":-21.005704879760743},"rotation":{"x":0.14757874608039857,"y":0.09478872269392014,"z":-0.014210566878318787,"w":0.984397828578949},"size":4.744399070739746,"orthographic":false}